{
	"credit": "Made with heart by Max_I",
	"ambientocclusion": false,
	"textures": {
		"128": "blocks/furnace_side",
		"140": "blocks/hardened_clay_stained_black",
		"142": "blocks/hardened_clay_stained_cyan",
		"153": "blocks/hardened_clay_stained_silver",
		"340": "blocks/wool_colored_black",
		"344": "blocks/concrete_gray",
		"352": "blocks/concrete_lime",
		"particle": "blocks/concrete_lime"
	},
	"elements": [
		{
			"name": "cube",
			"from": [-3.479999999999997, -2.66, -2.66],
			"to": [
				19.479999999999997,
				-1.8399999999999999,
				26.86
			],
			"faces": {
				"north": {"uv": [0, 0, 16, 16], "texture": "#344"},
				"east": {"uv": [0, 0, 16, 16], "texture": "#344"},
				"south": {"uv": [0, 0, 16, 16], "texture": "#344"},
				"west": {"uv": [0, 0, 16, 16], "texture": "#344"},
				"up": {
					"uv": [0, 0, 16, 16],
					"texture": "#344",
					"rotation": 180
				},
				"down": {
					"uv": [0, 0, 16, 16],
					"texture": "#344",
					"rotation": 180
				}
			},
			"type": "cube"
		},
		{
			"name": "cube",
			"from": [
				-4.299999999999997,
				1.4400000000000013,
				-7.579999999999998
			],
			"to": [
				20.299999999999997,
				2.2600000000000016,
				-4.299999999999997
			],
			"faces": {
				"north": {"uv": [0, 0, 16, 1], "texture": "#344"},
				"east": {"uv": [0, 0, 4, 1], "texture": "#344"},
				"south": {"uv": [0, 0, 16, 1], "texture": "#344"},
				"west": {"uv": [0, 0, 4, 1], "texture": "#344"},
				"up": {
					"uv": [0, 0, 16, 4],
					"texture": "#344",
					"rotation": 180
				},
				"down": {
					"uv": [0, 0, 16, 4],
					"texture": "#344",
					"rotation": 180
				}
			},
			"type": "cube"
		},
		{
			"name": "cube",
			"from": [
				-5.119999999999997,
				2.2600000000000016,
				-7.579999999999998
			],
			"to": [-4.299999999999997, 4.720000000000001, 26.86],
			"faces": {
				"north": {"uv": [0, 0, 1, 3], "texture": "#352"},
				"east": {"uv": [0, 0, 16, 3], "texture": "#344"},
				"south": {"uv": [0, 0, 1, 3], "texture": "#352"},
				"west": {"uv": [0, 0, 16, 3], "texture": "#352"},
				"up": {
					"uv": [0, 0, 1, 16],
					"texture": "#352",
					"rotation": 180
				},
				"down": {
					"uv": [0, 0, 1, 16],
					"texture": "#352",
					"rotation": 180
				}
			},
			"type": "cube"
		},
		{
			"name": "cube",
			"from": [
				-5.119999999999997,
				2.2600000000000016,
				26.86
			],
			"to": [21.119999999999997, 16.2, 27.68],
			"faces": {
				"north": {"uv": [0, 0, 16, 16], "texture": "#352"},
				"east": {"uv": [0, 0, 16, 16], "texture": "#352"},
				"south": {"uv": [0, 0, 16, 16], "texture": "#352"},
				"west": {"uv": [0, 0, 16, 16], "texture": "#352"},
				"up": {
					"uv": [0, 0, 16, 16],
					"texture": "#352",
					"rotation": 180
				},
				"down": {
					"uv": [0, 0, 16, 16],
					"texture": "#352",
					"rotation": 180
				}
			},
			"type": "cube"
		},
		{
			"name": "cube",
			"from": [
				20.299999999999997,
				2.2600000000000016,
				-7.579999999999998
			],
			"to": [21.119999999999997, 4.720000000000001, 26.86],
			"faces": {
				"north": {"uv": [0, 0, 16, 3], "texture": "#352"},
				"east": {"uv": [0, 0, 16, 3], "texture": "#352"},
				"south": {"uv": [0, 0, 16, 3], "texture": "#352"},
				"west": {"uv": [0, 0, 16, 3], "texture": "#344"},
				"up": {
					"uv": [0, 0, 16, 3],
					"texture": "#352",
					"rotation": 180
				},
				"down": {
					"uv": [0, 0, 16, 3],
					"texture": "#352",
					"rotation": 180
				}
			},
			"type": "cube"
		},
		{
			"name": "cube",
			"from": [
				-5.119999999999997,
				4.720000000000001,
				22.759999999999998
			],
			"to": [-4.299999999999997, 16.2, 26.86],
			"faces": {
				"north": {"uv": [0, 0, 5, 14], "texture": "#352"},
				"east": {"uv": [0, 0, 5, 14], "texture": "#352"},
				"south": {"uv": [0, 0, 5, 14], "texture": "#352"},
				"west": {"uv": [0, 0, 5, 14], "texture": "#352"},
				"up": {
					"uv": [0, 0, 5, 14],
					"texture": "#352",
					"rotation": 180
				},
				"down": {
					"uv": [0, 0, 5, 14],
					"texture": "#352",
					"rotation": 180
				}
			},
			"type": "cube"
		},
		{
			"name": "cube",
			"from": [
				-5.119999999999997,
				9.64,
				20.299999999999997
			],
			"to": [
				-4.299999999999997,
				22.759999999999998,
				25.22
			],
			"faces": {
				"north": {"uv": [0, 0, 6, 16], "texture": "#352"},
				"east": {"uv": [0, 0, 6, 16], "texture": "#352"},
				"south": {"uv": [0, 0, 6, 16], "texture": "#352"},
				"west": {"uv": [0, 0, 6, 16], "texture": "#352"},
				"up": {
					"uv": [0, 0, 6, 16],
					"texture": "#352",
					"rotation": 180
				},
				"down": {
					"uv": [0, 0, 6, 16],
					"texture": "#352",
					"rotation": 180
				}
			},
			"rotation": {
				"origin": [
					8,
					13.739999999999998,
					5.539999999999999
				],
				"axis": "x",
				"angle": 22.5
			},
			"type": "cube"
		},
		{
			"name": "cube",
			"from": [
				20.299999999999997,
				9.64,
				20.299999999999997
			],
			"to": [
				21.119999999999997,
				22.759999999999998,
				25.22
			],
			"faces": {
				"north": {"uv": [0, 0, 6, 16], "texture": "#352"},
				"east": {"uv": [0, 0, 6, 16], "texture": "#352"},
				"south": {"uv": [0, 0, 6, 16], "texture": "#352"},
				"west": {"uv": [0, 0, 6, 16], "texture": "#352"},
				"up": {
					"uv": [0, 0, 6, 16],
					"texture": "#352",
					"rotation": 180
				},
				"down": {
					"uv": [0, 0, 6, 16],
					"texture": "#352",
					"rotation": 180
				}
			},
			"rotation": {
				"origin": [
					32,
					13.739999999999998,
					5.539999999999999
				],
				"axis": "x",
				"angle": 22.5
			},
			"type": "cube"
		},
		{
			"name": "cube",
			"from": [
				20.299999999999997,
				4.720000000000001,
				22.759999999999998
			],
			"to": [21.119999999999997, 16.2, 26.86],
			"faces": {
				"north": {"uv": [0, 0, 5, 14], "texture": "#352"},
				"east": {"uv": [0, 0, 5, 14], "texture": "#352"},
				"south": {"uv": [0, 0, 5, 14], "texture": "#352"},
				"west": {"uv": [0, 0, 5, 14], "texture": "#352"},
				"up": {
					"uv": [0, 0, 5, 14],
					"texture": "#352",
					"rotation": 180
				},
				"down": {
					"uv": [0, 0, 5, 14],
					"texture": "#352",
					"rotation": 180
				}
			},
			"type": "cube"
		},
		{
			"name": "cube",
			"from": [18.66, -1.8399999999999999, -2.66],
			"to": [
				19.479999999999997,
				1.4400000000000013,
				26.86
			],
			"faces": {
				"north": {"uv": [0, 0, 16, 4], "texture": "#344"},
				"east": {"uv": [0, 0, 16, 4], "texture": "#344"},
				"south": {"uv": [0, 0, 16, 4], "texture": "#344"},
				"west": {"uv": [0, 0, 16, 4], "texture": "#344"},
				"up": {
					"uv": [0, 0, 16, 4],
					"texture": "#344",
					"rotation": 180
				},
				"down": {
					"uv": [0, 0, 16, 4],
					"texture": "#344",
					"rotation": 180
				}
			},
			"type": "cube"
		},
		{
			"name": "cube",
			"from": [
				-3.479999999999997,
				-1.8399999999999999,
				-2.66
			],
			"to": [-2.66, 1.4400000000000013, 26.86],
			"faces": {
				"north": {"uv": [0, 0, 16, 4], "texture": "#344"},
				"east": {"uv": [0, 0, 16, 4], "texture": "#344"},
				"south": {"uv": [0, 0, 16, 4], "texture": "#344"},
				"west": {"uv": [0, 0, 16, 4], "texture": "#344"},
				"up": {
					"uv": [0, 0, 16, 4],
					"texture": "#344",
					"rotation": 180
				},
				"down": {
					"uv": [0, 0, 16, 4],
					"texture": "#344",
					"rotation": 180
				}
			},
			"type": "cube"
		},
		{
			"name": "cube",
			"from": [-2.66, -1.8399999999999999, 26.04],
			"to": [18.66, 3.08, 26.86],
			"faces": {
				"north": {"uv": [0, 0, 16, 6], "texture": "#344"},
				"east": {"uv": [0, 0, 16, 6], "texture": "#344"},
				"south": {"uv": [0, 0, 16, 6], "texture": "#344"},
				"west": {"uv": [0, 0, 16, 6], "texture": "#344"},
				"up": {
					"uv": [0, 0, 16, 6],
					"texture": "#344",
					"rotation": 180
				},
				"down": {
					"uv": [0, 0, 16, 6],
					"texture": "#344",
					"rotation": 180
				}
			},
			"type": "cube"
		},
		{
			"name": "cube",
			"from": [
				-3.479999999999997,
				1.4400000000000013,
				-7.579999999999998
			],
			"to": [
				19.479999999999997,
				6.359999999999999,
				-6.759999999999998
			],
			"faces": {
				"north": {"uv": [0, 0, 16, 6], "texture": "#344"},
				"east": {"uv": [0, 0, 16, 6], "texture": "#344"},
				"south": {"uv": [0, 0, 16, 6], "texture": "#344"},
				"west": {"uv": [0, 0, 16, 6], "texture": "#344"},
				"up": {
					"uv": [0, 0, 16, 6],
					"texture": "#344",
					"rotation": 180
				},
				"down": {
					"uv": [0, 0, 16, 6],
					"texture": "#344",
					"rotation": 180
				}
			},
			"rotation": {
				"origin": [7.18, 11.28, 5.539999999999999],
				"axis": "x",
				"angle": -22.5
			},
			"type": "cube"
		},
		{
			"name": "cube",
			"from": [
				-5.119999999999997,
				4.720000000000001,
				11.28
			],
			"to": [21.119999999999997, 16.2, 12.1],
			"faces": {
				"north": {"uv": [0, 0, 16, 14], "texture": "#352"},
				"east": {"uv": [0, 0, 16, 14], "texture": "#352"},
				"south": {"uv": [0, 0, 16, 14], "texture": "#352"},
				"west": {"uv": [0, 0, 16, 14], "texture": "#352"},
				"up": {
					"uv": [0, 0, 16, 14],
					"texture": "#352",
					"rotation": 180
				},
				"down": {
					"uv": [0, 0, 16, 14],
					"texture": "#352",
					"rotation": 180
				}
			},
			"type": "cube"
		},
		{
			"name": "cube",
			"from": [
				-5.119999999999997,
				9.64,
				4.720000000000001
			],
			"to": [-4.299999999999997, 22.759999999999998, 9.64],
			"faces": {
				"north": {"uv": [0, 0, 6, 16], "texture": "#352"},
				"east": {"uv": [0, 0, 6, 16], "texture": "#352"},
				"south": {"uv": [0, 0, 6, 16], "texture": "#352"},
				"west": {"uv": [0, 0, 6, 16], "texture": "#352"},
				"up": {
					"uv": [0, 0, 6, 16],
					"texture": "#352",
					"rotation": 180
				},
				"down": {
					"uv": [0, 0, 6, 16],
					"texture": "#352",
					"rotation": 180
				}
			},
			"rotation": {
				"origin": [8, 13.739999999999998, -10.04],
				"axis": "x",
				"angle": 22.5
			},
			"type": "cube"
		},
		{
			"name": "cube",
			"from": [
				-5.119999999999997,
				4.720000000000001,
				7.18
			],
			"to": [-4.299999999999997, 16.2, 11.28],
			"faces": {
				"north": {"uv": [0, 0, 5, 14], "texture": "#352"},
				"east": {"uv": [0, 0, 5, 14], "texture": "#352"},
				"south": {"uv": [0, 0, 5, 14], "texture": "#352"},
				"west": {"uv": [0, 0, 5, 14], "texture": "#352"},
				"up": {
					"uv": [0, 0, 5, 14],
					"texture": "#352",
					"rotation": 180
				},
				"down": {
					"uv": [0, 0, 5, 14],
					"texture": "#352",
					"rotation": 180
				}
			},
			"type": "cube"
		},
		{
			"name": "cube",
			"from": [
				20.299999999999997,
				4.720000000000001,
				7.18
			],
			"to": [21.119999999999997, 16.2, 11.28],
			"faces": {
				"north": {"uv": [0, 0, 5, 14], "texture": "#352"},
				"east": {"uv": [0, 0, 5, 14], "texture": "#352"},
				"south": {"uv": [0, 0, 5, 14], "texture": "#352"},
				"west": {"uv": [0, 0, 5, 14], "texture": "#352"},
				"up": {
					"uv": [0, 0, 5, 14],
					"texture": "#352",
					"rotation": 180
				},
				"down": {
					"uv": [0, 0, 5, 14],
					"texture": "#352",
					"rotation": 180
				}
			},
			"type": "cube"
		},
		{
			"name": "cube",
			"from": [
				20.299999999999997,
				9.64,
				4.720000000000001
			],
			"to": [21.119999999999997, 22.759999999999998, 9.64],
			"faces": {
				"north": {"uv": [0, 0, 6, 16], "texture": "#352"},
				"east": {"uv": [0, 0, 6, 16], "texture": "#352"},
				"south": {"uv": [0, 0, 6, 16], "texture": "#352"},
				"west": {"uv": [0, 0, 6, 16], "texture": "#352"},
				"up": {
					"uv": [0, 0, 6, 16],
					"texture": "#352",
					"rotation": 180
				},
				"down": {
					"uv": [0, 0, 6, 16],
					"texture": "#352",
					"rotation": 180
				}
			},
			"rotation": {
				"origin": [32, 13.739999999999998, -10.04],
				"axis": "x",
				"angle": 22.5
			},
			"type": "cube"
		},
		{
			"name": "cube",
			"from": [
				18.66,
				1.4400000000000013,
				-4.299999999999997
			],
			"to": [20.299999999999997, 4.720000000000001, 26.86],
			"faces": {
				"north": {"uv": [0, 0, 2, 4], "texture": "#344"},
				"east": {"uv": [0, 0, 2, 4], "texture": "#344"},
				"south": {"uv": [0, 0, 2, 4], "texture": "#344"},
				"west": {"uv": [0, 0, 2, 4], "texture": "#344"},
				"up": {
					"uv": [0, 0, 2, 4],
					"texture": "#344",
					"rotation": 180
				},
				"down": {
					"uv": [0, 0, 2, 4],
					"texture": "#344",
					"rotation": 180
				}
			},
			"type": "cube"
		},
		{
			"name": "cube",
			"from": [
				-4.299999999999997,
				1.4400000000000013,
				-4.299999999999997
			],
			"to": [-2.66, 4.720000000000001, 26.86],
			"faces": {
				"north": {"uv": [0, 0, 2, 16], "texture": "#344"},
				"east": {"uv": [0, 0, 2, 16], "texture": "#344"},
				"south": {"uv": [0, 0, 2, 16], "texture": "#344"},
				"west": {"uv": [0, 0, 2, 16], "texture": "#344"},
				"up": {
					"uv": [0, 0, 2, 16],
					"texture": "#344",
					"rotation": 180
				},
				"down": {
					"uv": [0, 0, 2, 16],
					"texture": "#344",
					"rotation": 180
				}
			},
			"type": "cube"
		},
		{
			"name": "cube",
			"from": [-2.66, -1.8399999999999999, 9.64],
			"to": [18.66, 4.720000000000001, 10.46],
			"faces": {
				"north": {
					"uv": [0, 0, 16, 8],
					"texture": "#missing"
				},
				"east": {"uv": [0, 0, 1, 8], "texture": "#missing"},
				"south": {"uv": [0, 0, 16, 8], "texture": "#344"},
				"west": {"uv": [0, 0, 1, 8], "texture": "#missing"},
				"up": {
					"uv": [0, 0, 16, 1],
					"texture": "#missing",
					"rotation": 180
				},
				"down": {
					"uv": [0, 0, 16, 1],
					"texture": "#missing",
					"rotation": 180
				}
			},
			"type": "cube"
		},
		{
			"name": "cube",
			"from": [
				-3.479999999999997,
				2.2600000000000016,
				-7.579999999999998
			],
			"to": [-2.66, 8, -6.759999999999998],
			"faces": {
				"north": {"uv": [0, 0, 1, 7], "texture": "#344"},
				"east": {"uv": [0, 0, 1, 7], "texture": "#344"},
				"south": {"uv": [0, 0, 1, 7], "texture": "#344"},
				"west": {"uv": [0, 0, 1, 7], "texture": "#344"},
				"up": {
					"uv": [0, 0, 1, 7],
					"texture": "#344",
					"rotation": 180
				},
				"down": {
					"uv": [0, 0, 1, 7],
					"texture": "#344",
					"rotation": 180
				}
			},
			"rotation": {
				"origin": [7.18, 12.1, 5.539999999999999],
				"axis": "x",
				"angle": -22.5
			},
			"type": "cube"
		},
		{
			"name": "cube",
			"from": [
				-3.479999999999997,
				2.2600000000000016,
				-6.759999999999998
			],
			"to": [-2.66, 8, -5.939999999999998],
			"faces": {
				"north": {"uv": [0, 0, 1, 7], "texture": "#344"},
				"east": {"uv": [0, 0, 1, 7], "texture": "#344"},
				"south": {"uv": [0, 0, 1, 7], "texture": "#344"},
				"west": {"uv": [0, 0, 1, 7], "texture": "#344"},
				"up": {
					"uv": [0, 0, 1, 7],
					"texture": "#344",
					"rotation": 180
				},
				"down": {
					"uv": [0, 0, 1, 7],
					"texture": "#344",
					"rotation": 180
				}
			},
			"rotation": {
				"origin": [7.18, 12.1, 6.359999999999999],
				"axis": "x",
				"angle": -22.5
			},
			"type": "cube"
		},
		{
			"name": "cube",
			"from": [
				18.66,
				2.2600000000000016,
				-6.759999999999998
			],
			"to": [19.479999999999997, 8, -5.939999999999998],
			"faces": {
				"north": {"uv": [0, 0, 1, 7], "texture": "#344"},
				"east": {"uv": [0, 0, 1, 7], "texture": "#344"},
				"south": {"uv": [0, 0, 1, 7], "texture": "#344"},
				"west": {"uv": [0, 0, 1, 7], "texture": "#344"},
				"up": {
					"uv": [0, 0, 1, 7],
					"texture": "#344",
					"rotation": 180
				},
				"down": {
					"uv": [0, 0, 1, 7],
					"texture": "#344",
					"rotation": 180
				}
			},
			"rotation": {
				"origin": [29.32, 12.1, 6.359999999999999],
				"axis": "x",
				"angle": -22.5
			},
			"type": "cube"
		},
		{
			"name": "cube",
			"from": [
				18.66,
				2.2600000000000016,
				-7.579999999999998
			],
			"to": [19.479999999999997, 8, -6.759999999999998],
			"faces": {
				"north": {"uv": [0, 0, 1, 7], "texture": "#344"},
				"east": {"uv": [0, 0, 1, 7], "texture": "#344"},
				"south": {"uv": [0, 0, 1, 7], "texture": "#344"},
				"west": {"uv": [0, 0, 1, 7], "texture": "#344"},
				"up": {
					"uv": [0, 0, 1, 7],
					"texture": "#344",
					"rotation": 180
				},
				"down": {
					"uv": [0, 0, 1, 7],
					"texture": "#344",
					"rotation": 180
				}
			},
			"rotation": {
				"origin": [29.32, 12.1, 5.539999999999999],
				"axis": "x",
				"angle": -22.5
			},
			"type": "cube"
		},
		{
			"name": "cube",
			"from": [
				-5.119999999999997,
				2.2600000000000016,
				-8.399999999999999
			],
			"to": [
				21.119999999999997,
				4.720000000000001,
				-7.579999999999998
			],
			"faces": {
				"north": {"uv": [0, 0, 16, 3], "texture": "#352"},
				"east": {"uv": [0, 0, 16, 3], "texture": "#352"},
				"south": {"uv": [0, 0, 16, 3], "texture": "#352"},
				"west": {"uv": [0, 0, 16, 3], "texture": "#352"},
				"up": {
					"uv": [0, 0, 16, 3],
					"texture": "#352",
					"rotation": 180
				},
				"down": {
					"uv": [0, 0, 16, 3],
					"texture": "#352",
					"rotation": 180
				}
			},
			"type": "cube"
		},
		{
			"name": "cube",
			"from": [
				-5.119999999999997,
				8.82,
				-6.759999999999998
			],
			"to": [-2.66, 12.1, -1.8399999999999999],
			"faces": {
				"north": {"uv": [0, 0, 6, 4], "texture": "#352"},
				"east": {"uv": [0, 0, 6, 4], "texture": "#344"},
				"south": {"uv": [0, 0, 6, 4], "texture": "#352"},
				"west": {"uv": [0, 0, 6, 4], "texture": "#352"},
				"up": {
					"uv": [0, 0, 6, 4],
					"texture": "#352",
					"rotation": 180
				},
				"down": {
					"uv": [0, 0, 6, 4],
					"texture": "#352",
					"rotation": 180
				}
			},
			"rotation": {
				"origin": [8, 8, 9.64],
				"axis": "x",
				"angle": -22.5
			},
			"type": "cube"
		},
		{
			"name": "cube",
			"from": [
				-5.119999999999997,
				11.28,
				-8.399999999999999
			],
			"to": [
				21.119999999999997,
				12.1,
				-1.8399999999999999
			],
			"faces": {
				"north": {"uv": [0, 0, 16, 8], "texture": "#352"},
				"east": {"uv": [0, 0, 16, 8], "texture": "#352"},
				"south": {"uv": [0, 0, 16, 8], "texture": "#352"},
				"west": {"uv": [0, 0, 16, 8], "texture": "#352"},
				"up": {
					"uv": [0, 0, 16, 16],
					"texture": "#352",
					"rotation": 180
				},
				"down": {
					"uv": [0, 0, 16, 8],
					"texture": "#352",
					"rotation": 180
				}
			},
			"rotation": {
				"origin": [8, 8, 9.64],
				"axis": "x",
				"angle": -22.5
			},
			"type": "cube"
		},
		{
			"name": "cube",
			"from": [18.66, 8.82, -6.759999999999998],
			"to": [
				21.119999999999997,
				12.1,
				-1.8399999999999999
			],
			"faces": {
				"north": {"uv": [0, 0, 6, 4], "texture": "#352"},
				"east": {"uv": [0, 0, 6, 4], "texture": "#352"},
				"south": {"uv": [0, 0, 6, 4], "texture": "#352"},
				"west": {"uv": [0, 0, 6, 4], "texture": "#344"},
				"up": {
					"uv": [0, 0, 6, 4],
					"texture": "#352",
					"rotation": 180
				},
				"down": {
					"uv": [0, 0, 6, 4],
					"texture": "#352",
					"rotation": 180
				}
			},
			"rotation": {
				"origin": [32, 8, 9.64],
				"axis": "x",
				"angle": -22.5
			},
			"type": "cube"
		},
		{
			"name": "cube",
			"from": [
				-1.8399999999999999,
				3.08,
				14.559999999999999
			],
			"to": [
				6.359999999999999,
				3.9000000000000004,
				22.759999999999998
			],
			"faces": {
				"north": {"uv": [0, 0, 10, 10], "texture": "#340"},
				"east": {"uv": [0, 0, 10, 10], "texture": "#340"},
				"south": {"uv": [0, 0, 10, 10], "texture": "#340"},
				"west": {"uv": [0, 0, 10, 10], "texture": "#340"},
				"up": {
					"uv": [0, 0, 10, 10],
					"texture": "#340",
					"rotation": 180
				},
				"down": {
					"uv": [0, 0, 10, 10],
					"texture": "#340",
					"rotation": 180
				}
			},
			"type": "cube"
		},
		{
			"name": "cube",
			"from": [9.64, 3.08, 14.559999999999999],
			"to": [
				17.84,
				3.9000000000000004,
				22.759999999999998
			],
			"faces": {
				"north": {"uv": [0, 0, 10, 10], "texture": "#340"},
				"east": {"uv": [0, 0, 10, 10], "texture": "#340"},
				"south": {"uv": [0, 0, 10, 10], "texture": "#340"},
				"west": {"uv": [0, 0, 10, 10], "texture": "#340"},
				"up": {
					"uv": [0, 0, 10, 10],
					"texture": "#340",
					"rotation": 180
				},
				"down": {
					"uv": [0, 0, 10, 10],
					"texture": "#340",
					"rotation": 180
				}
			},
			"type": "cube"
		},
		{
			"name": "cube",
			"from": [9.64, 9.64, 21.119999999999997],
			"to": [17.84, 24.4, 21.939999999999998],
			"faces": {
				"north": {"uv": [0, 0, 10, 16], "texture": "#340"},
				"east": {"uv": [0, 0, 1, 16], "texture": "#340"},
				"south": {"uv": [0, 0, 10, 16], "texture": "#340"},
				"west": {"uv": [0, 0, 1, 16], "texture": "#340"},
				"up": {
					"uv": [0, 0, 10, 1],
					"texture": "#340",
					"rotation": 180
				},
				"down": {
					"uv": [0, 0, 10, 1],
					"texture": "#340",
					"rotation": 180
				}
			},
			"rotation": {
				"origin": [8, 8, 4.720000000000001],
				"axis": "x",
				"angle": 22.5
			},
			"type": "cube"
		},
		{
			"name": "cube",
			"from": [
				-2.66,
				-1.8399999999999999,
				15.379999999999999
			],
			"to": [18.66, 3.08, 26.04],
			"faces": {
				"north": {"uv": [0, 0, 16, 13], "texture": "#344"},
				"east": {"uv": [0, 0, 16, 13], "texture": "#344"},
				"south": {"uv": [0, 0, 16, 13], "texture": "#344"},
				"west": {"uv": [0, 0, 16, 13], "texture": "#344"},
				"up": {
					"uv": [0, 0, 16, 13],
					"texture": "#352",
					"rotation": 180
				},
				"down": {
					"uv": [0, 0, 16, 13],
					"texture": "#344",
					"rotation": 180
				}
			},
			"type": "cube"
		},
		{
			"name": "cube",
			"from": [
				-1.8399999999999999,
				9.64,
				21.119999999999997
			],
			"to": [6.359999999999999, 24.4, 21.939999999999998],
			"faces": {
				"north": {"uv": [0, 0, 10, 16], "texture": "#340"},
				"east": {"uv": [0, 0, 1, 16], "texture": "#340"},
				"south": {"uv": [0, 0, 10, 16], "texture": "#340"},
				"west": {"uv": [0, 0, 1, 16], "texture": "#340"},
				"up": {
					"uv": [0, 0, 10, 1],
					"texture": "#340",
					"rotation": 180
				},
				"down": {
					"uv": [0, 0, 10, 1],
					"texture": "#340",
					"rotation": 180
				}
			},
			"rotation": {
				"origin": [
					-3.479999999999997,
					8,
					4.720000000000001
				],
				"axis": "x",
				"angle": 22.5
			},
			"type": "cube"
		},
		{
			"name": "cube",
			"from": [-4.299999999999997, 9.64, 24.4],
			"to": [
				20.299999999999997,
				22.759999999999998,
				25.22
			],
			"faces": {
				"north": {"uv": [0, 0, 16, 16], "texture": "#352"},
				"east": {"uv": [0, 0, 16, 16], "texture": "#352"},
				"south": {"uv": [0, 0, 16, 16], "texture": "#352"},
				"west": {"uv": [0, 0, 16, 16], "texture": "#352"},
				"up": {
					"uv": [0, 0, 16, 16],
					"texture": "#352",
					"rotation": 180
				},
				"down": {
					"uv": [0, 0, 16, 16],
					"texture": "#352",
					"rotation": 180
				}
			},
			"rotation": {
				"origin": [
					6.359999999999999,
					14.559999999999999,
					6.359999999999999
				],
				"axis": "x",
				"angle": 22.5
			},
			"type": "cube"
		},
		{
			"name": "cube",
			"from": [
				-2.66,
				-1.8399999999999999,
				1.4400000000000013
			],
			"to": [18.66, 3.08, 8.82],
			"faces": {
				"north": {"uv": [0, 0, 16, 6], "texture": "#344"},
				"east": {"uv": [0, 0, 16, 6], "texture": "#344"},
				"south": {"uv": [0, 0, 16, 6], "texture": "#344"},
				"west": {"uv": [0, 0, 16, 6], "texture": "#344"},
				"up": {
					"uv": [0, 0, 16, 6],
					"texture": "#352",
					"rotation": 180
				},
				"down": {
					"uv": [0, 0, 16, 6],
					"texture": "#344",
					"rotation": 180
				}
			},
			"type": "cube"
		},
		{
			"name": "cube",
			"from": [9.64, 3.08, 0.620000000000001],
			"to": [17.84, 3.9000000000000004, 8.82],
			"faces": {
				"north": {"uv": [0, 0, 10, 10], "texture": "#340"},
				"east": {"uv": [0, 0, 10, 10], "texture": "#340"},
				"south": {"uv": [0, 0, 10, 10], "texture": "#340"},
				"west": {"uv": [0, 0, 10, 10], "texture": "#340"},
				"up": {
					"uv": [0, 0, 10, 10],
					"texture": "#340",
					"rotation": 180
				},
				"down": {
					"uv": [0, 0, 10, 10],
					"texture": "#340",
					"rotation": 180
				}
			},
			"type": "cube"
		},
		{
			"name": "cube",
			"from": [9.64, 9.64, 6.359999999999999],
			"to": [17.84, 23.58, 7.18],
			"faces": {
				"north": {"uv": [0, 0, 10, 16], "texture": "#340"},
				"east": {"uv": [0, 0, 10, 16], "texture": "#340"},
				"south": {"uv": [0, 0, 10, 16], "texture": "#340"},
				"west": {"uv": [0, 0, 10, 16], "texture": "#340"},
				"up": {
					"uv": [0, 0, 10, 16],
					"texture": "#340",
					"rotation": 180
				},
				"down": {
					"uv": [0, 0, 10, 16],
					"texture": "#340",
					"rotation": 180
				}
			},
			"rotation": {
				"origin": [8, 8, -10.04],
				"axis": "x",
				"angle": 22.5
			},
			"type": "cube"
		},
		{
			"name": "cube",
			"from": [-4.299999999999997, 9.64, 9.64],
			"to": [
				20.299999999999997,
				22.759999999999998,
				10.46
			],
			"faces": {
				"north": {"uv": [0, 0, 16, 16], "texture": "#352"},
				"east": {"uv": [0, 0, 16, 16], "texture": "#352"},
				"south": {"uv": [0, 0, 16, 16], "texture": "#352"},
				"west": {"uv": [0, 0, 16, 16], "texture": "#352"},
				"up": {
					"uv": [0, 0, 16, 16],
					"texture": "#352",
					"rotation": 180
				},
				"down": {
					"uv": [0, 0, 16, 16],
					"texture": "#352",
					"rotation": 180
				}
			},
			"rotation": {
				"origin": [
					6.359999999999999,
					14.559999999999999,
					-8.399999999999999
				],
				"axis": "x",
				"angle": 22.5
			},
			"type": "cube"
		},
		{
			"name": "cube",
			"from": [
				-1.8399999999999999,
				3.08,
				0.620000000000001
			],
			"to": [6.359999999999999, 3.9000000000000004, 8.82],
			"faces": {
				"north": {"uv": [0, 0, 10, 10], "texture": "#340"},
				"east": {"uv": [0, 0, 10, 10], "texture": "#340"},
				"south": {"uv": [0, 0, 10, 10], "texture": "#340"},
				"west": {"uv": [0, 0, 10, 10], "texture": "#340"},
				"up": {
					"uv": [0, 0, 10, 10],
					"texture": "#340",
					"rotation": 180
				},
				"down": {
					"uv": [0, 0, 10, 10],
					"texture": "#340",
					"rotation": 180
				}
			},
			"type": "cube"
		},
		{
			"name": "cube",
			"from": [
				-1.8399999999999999,
				9.64,
				6.359999999999999
			],
			"to": [6.359999999999999, 23.58, 7.18],
			"faces": {
				"north": {"uv": [0, 0, 10, 16], "texture": "#340"},
				"east": {"uv": [0, 0, 10, 16], "texture": "#340"},
				"south": {"uv": [0, 0, 10, 16], "texture": "#340"},
				"west": {"uv": [0, 0, 10, 16], "texture": "#340"},
				"up": {
					"uv": [0, 0, 10, 16],
					"texture": "#340",
					"rotation": 180
				},
				"down": {
					"uv": [0, 0, 10, 16],
					"texture": "#340",
					"rotation": 180
				}
			},
			"rotation": {
				"origin": [-3.479999999999997, 8, -10.04],
				"axis": "x",
				"angle": 22.5
			},
			"type": "cube"
		},
		{
			"name": "cube",
			"from": [-0.1999999999999993, 16.2, 11.28],
			"to": [4.720000000000001, 20.299999999999997, 12.1],
			"faces": {
				"north": {"uv": [0, 0, 6, 5], "texture": "#340"},
				"east": {"uv": [0, 0, 6, 5], "texture": "#340"},
				"south": {"uv": [0, 0, 6, 5], "texture": "#352"},
				"west": {"uv": [0, 0, 6, 5], "texture": "#340"},
				"up": {
					"uv": [0, 0, 6, 5],
					"texture": "#340",
					"rotation": 180
				},
				"down": {
					"uv": [0, 0, 6, 5],
					"texture": "#340",
					"rotation": 180
				}
			},
			"rotation": {
				"origin": [
					-4.299999999999997,
					14.559999999999999,
					-5.119999999999997
				],
				"axis": "x",
				"angle": 0
			},
			"type": "cube"
		},
		{
			"name": "cube",
			"from": [11.28, 16.2, 11.28],
			"to": [16.2, 20.299999999999997, 12.1],
			"faces": {
				"north": {"uv": [0, 0, 6, 5], "texture": "#340"},
				"east": {"uv": [0, 0, 6, 5], "texture": "#340"},
				"south": {"uv": [0, 0, 6, 5], "texture": "#352"},
				"west": {"uv": [0, 0, 6, 5], "texture": "#340"},
				"up": {
					"uv": [0, 0, 6, 5],
					"texture": "#340",
					"rotation": 180
				},
				"down": {
					"uv": [0, 0, 6, 5],
					"texture": "#340",
					"rotation": 180
				}
			},
			"rotation": {
				"origin": [
					7.18,
					14.559999999999999,
					-5.119999999999997
				],
				"axis": "x",
				"angle": 0
			},
			"type": "cube"
		},
		{
			"name": "cube",
			"from": [-0.1999999999999993, 16.2, 26.86],
			"to": [4.720000000000001, 20.299999999999997, 27.68],
			"faces": {
				"north": {"uv": [0, 0, 6, 5], "texture": "#340"},
				"east": {"uv": [0, 0, 6, 5], "texture": "#340"},
				"south": {"uv": [0, 0, 6, 5], "texture": "#352"},
				"west": {"uv": [0, 0, 6, 5], "texture": "#340"},
				"up": {
					"uv": [0, 0, 6, 5],
					"texture": "#340",
					"rotation": 180
				},
				"down": {
					"uv": [0, 0, 6, 5],
					"texture": "#340",
					"rotation": 180
				}
			},
			"rotation": {
				"origin": [
					-4.299999999999997,
					14.559999999999999,
					10.46
				],
				"axis": "x",
				"angle": 0
			},
			"type": "cube"
		},
		{
			"name": "cube",
			"from": [11.28, 16.2, 26.86],
			"to": [16.2, 20.299999999999997, 27.68],
			"faces": {
				"north": {"uv": [0, 0, 1, 5], "texture": "#340"},
				"east": {"uv": [0, 0, 1, 5], "texture": "#340"},
				"south": {"uv": [0, 0, 6, 5], "texture": "#352"},
				"west": {"uv": [0, 0, 1, 5], "texture": "#340"},
				"up": {
					"uv": [0, 0, 1, 5],
					"texture": "#340",
					"rotation": 180
				},
				"down": {
					"uv": [0, 0, 1, 5],
					"texture": "#340",
					"rotation": 180
				}
			},
			"rotation": {
				"origin": [7.18, 14.559999999999999, 10.46],
				"axis": "x",
				"angle": 0
			},
			"type": "cube"
		},
		{
			"name": "cube",
			"from": [
				7.18,
				-0.1999999999999993,
				-7.579999999999998
			],
			"to": [8.82, 1.4400000000000013, -5.939999999999998],
			"faces": {
				"north": {"uv": [0, 0, 2, 2], "texture": "#142"},
				"east": {"uv": [0, 0, 2, 2], "texture": "#142"},
				"south": {"uv": [0, 0, 2, 2], "texture": "#142"},
				"west": {"uv": [0, 0, 2, 2], "texture": "#142"},
				"up": {
					"uv": [0, 0, 2, 2],
					"texture": "#142",
					"rotation": 180
				},
				"down": {
					"uv": [0, 0, 2, 2],
					"texture": "#142",
					"rotation": 180
				}
			},
			"type": "cube"
		},
		{
			"name": "cube",
			"from": [
				-1.8399999999999999,
				-2.66,
				-8.399999999999999
			],
			"to": [
				17.84,
				-0.1999999999999993,
				-5.939999999999998
			],
			"faces": {
				"north": {"uv": [0, 0, 16, 3], "texture": "#142"},
				"east": {"uv": [0, 0, 16, 3], "texture": "#142"},
				"south": {"uv": [0, 0, 16, 3], "texture": "#142"},
				"west": {"uv": [0, 0, 16, 3], "texture": "#142"},
				"up": {
					"uv": [0, 0, 16, 3],
					"texture": "#142",
					"rotation": 180
				},
				"down": {
					"uv": [0, 0, 16, 3],
					"texture": "#142",
					"rotation": 180
				}
			},
			"type": "cube"
		},
		{
			"name": "cube",
			"from": [
				-3.479999999999997,
				-3.479999999999997,
				-10.04
			],
			"to": [
				-1.8399999999999999,
				-1.0199999999999996,
				-4.299999999999997
			],
			"faces": {
				"north": {"uv": [0, 0, 2, 3], "texture": "#128"},
				"east": {"uv": [0, 0, 2, 3], "texture": "#128"},
				"south": {"uv": [0, 0, 2, 3], "texture": "#128"},
				"west": {"uv": [0, 0, 2, 3], "texture": "#128"},
				"up": {
					"uv": [0, 0, 2, 3],
					"texture": "#128",
					"rotation": 180
				},
				"down": {
					"uv": [0, 0, 2, 3],
					"texture": "#128",
					"rotation": 180
				}
			},
			"type": "cube"
		},
		{
			"name": "cube",
			"from": [17.84, -3.479999999999997, -10.04],
			"to": [
				19.479999999999997,
				-1.0199999999999996,
				-4.299999999999997
			],
			"faces": {
				"north": {"uv": [0, 0, 7, 3], "texture": "#128"},
				"east": {"uv": [0, 0, 7, 3], "texture": "#128"},
				"south": {"uv": [0, 0, 7, 3], "texture": "#128"},
				"west": {"uv": [0, 0, 7, 3], "texture": "#128"},
				"up": {
					"uv": [0, 0, 7, 3],
					"texture": "#128",
					"rotation": 180
				},
				"down": {
					"uv": [0, 0, 7, 3],
					"texture": "#128",
					"rotation": 180
				}
			},
			"type": "cube"
		},
		{
			"name": "cube",
			"from": [
				19.479999999999997,
				-4.299999999999997,
				-10.86
			],
			"to": [
				20.299999999999997,
				-3.479999999999997,
				-9.219999999999999
			],
			"faces": {
				"north": {"uv": [0, 0, 2, 1], "texture": "#153"},
				"east": {"uv": [0, 0, 2, 1], "texture": "#153"},
				"south": {"uv": [0, 0, 2, 1], "texture": "#153"},
				"west": {"uv": [0, 0, 2, 1], "texture": "#153"},
				"up": {
					"uv": [0, 0, 2, 1],
					"texture": "#153",
					"rotation": 180
				},
				"down": {
					"uv": [0, 0, 2, 1],
					"texture": "#153",
					"rotation": 180
				}
			},
			"type": "cube"
		},
		{
			"name": "cube",
			"from": [
				19.479999999999997,
				-4.299999999999997,
				-5.939999999999998
			],
			"to": [
				20.299999999999997,
				-3.479999999999997,
				-4.299999999999997
			],
			"faces": {
				"north": {"uv": [0, 0, 2, 1], "texture": "#153"},
				"east": {"uv": [0, 0, 2, 1], "texture": "#153"},
				"south": {"uv": [0, 0, 2, 1], "texture": "#153"},
				"west": {"uv": [0, 0, 2, 1], "texture": "#153"},
				"up": {
					"uv": [0, 0, 2, 1],
					"texture": "#153",
					"rotation": 180
				},
				"down": {
					"uv": [0, 0, 2, 1],
					"texture": "#153",
					"rotation": 180
				}
			},
			"type": "cube"
		},
		{
			"name": "cube",
			"from": [
				19.479999999999997,
				-3.479999999999997,
				-11.68
			],
			"to": [
				20.299999999999997,
				-1.8399999999999999,
				-10.86
			],
			"faces": {
				"north": {"uv": [0, 0, 1, 2], "texture": "#153"},
				"east": {"uv": [0, 0, 1, 2], "texture": "#153"},
				"south": {"uv": [0, 0, 1, 2], "texture": "#153"},
				"west": {"uv": [0, 0, 1, 2], "texture": "#153"},
				"up": {
					"uv": [0, 0, 1, 2],
					"texture": "#153",
					"rotation": 180
				},
				"down": {
					"uv": [0, 0, 1, 2],
					"texture": "#153",
					"rotation": 180
				}
			},
			"type": "cube"
		},
		{
			"name": "cube",
			"from": [
				19.479999999999997,
				-3.479999999999997,
				-9.219999999999999
			],
			"to": [
				20.299999999999997,
				-1.8399999999999999,
				-8.399999999999999
			],
			"faces": {
				"north": {"uv": [0, 0, 1, 2], "texture": "#153"},
				"east": {"uv": [0, 0, 1, 2], "texture": "#153"},
				"south": {"uv": [0, 0, 1, 2], "texture": "#153"},
				"west": {"uv": [0, 0, 1, 2], "texture": "#153"},
				"up": {
					"uv": [0, 0, 1, 2],
					"texture": "#153",
					"rotation": 180
				},
				"down": {
					"uv": [0, 0, 1, 2],
					"texture": "#153",
					"rotation": 180
				}
			},
			"type": "cube"
		},
		{
			"name": "cube",
			"from": [
				19.479999999999997,
				-1.8399999999999999,
				-10.86
			],
			"to": [
				20.299999999999997,
				-1.0199999999999996,
				-9.219999999999999
			],
			"faces": {
				"north": {"uv": [0, 0, 2, 1], "texture": "#153"},
				"east": {"uv": [0, 0, 2, 1], "texture": "#153"},
				"south": {"uv": [0, 0, 2, 1], "texture": "#153"},
				"west": {"uv": [0, 0, 2, 1], "texture": "#153"},
				"up": {
					"uv": [0, 0, 2, 1],
					"texture": "#153",
					"rotation": 180
				},
				"down": {
					"uv": [0, 0, 2, 1],
					"texture": "#153",
					"rotation": 180
				}
			},
			"type": "cube"
		},
		{
			"name": "cube",
			"from": [
				19.479999999999997,
				-3.479999999999997,
				-10.86
			],
			"to": [
				20.299999999999997,
				-1.8399999999999999,
				-9.219999999999999
			],
			"faces": {
				"north": {"uv": [0, 0, 2, 2], "texture": "#142"},
				"east": {"uv": [0, 0, 2, 2], "texture": "#142"},
				"south": {"uv": [0, 0, 2, 2], "texture": "#142"},
				"west": {"uv": [0, 0, 2, 2], "texture": "#142"},
				"up": {
					"uv": [0, 0, 2, 2],
					"texture": "#142",
					"rotation": 180
				},
				"down": {
					"uv": [0, 0, 2, 2],
					"texture": "#142",
					"rotation": 180
				}
			},
			"type": "cube"
		},
		{
			"name": "cube",
			"from": [
				19.479999999999997,
				-3.479999999999997,
				-5.939999999999998
			],
			"to": [
				20.299999999999997,
				-1.8399999999999999,
				-4.299999999999997
			],
			"faces": {
				"north": {"uv": [0, 0, 2, 2], "texture": "#142"},
				"east": {"uv": [0, 0, 2, 2], "texture": "#142"},
				"south": {"uv": [0, 0, 2, 2], "texture": "#142"},
				"west": {"uv": [0, 0, 2, 2], "texture": "#142"},
				"up": {
					"uv": [0, 0, 2, 2],
					"texture": "#142",
					"rotation": 180
				},
				"down": {
					"uv": [0, 0, 2, 2],
					"texture": "#142",
					"rotation": 180
				}
			},
			"type": "cube"
		},
		{
			"name": "cube",
			"from": [
				19.479999999999997,
				-1.8399999999999999,
				-5.939999999999998
			],
			"to": [
				20.299999999999997,
				-1.0199999999999996,
				-4.299999999999997
			],
			"faces": {
				"north": {"uv": [0, 0, 2, 1], "texture": "#153"},
				"east": {"uv": [0, 0, 2, 1], "texture": "#153"},
				"south": {"uv": [0, 0, 2, 1], "texture": "#153"},
				"west": {"uv": [0, 0, 2, 1], "texture": "#153"},
				"up": {
					"uv": [0, 0, 2, 1],
					"texture": "#153",
					"rotation": 180
				},
				"down": {
					"uv": [0, 0, 2, 1],
					"texture": "#153",
					"rotation": 180
				}
			},
			"type": "cube"
		},
		{
			"name": "cube",
			"from": [
				19.479999999999997,
				-3.479999999999997,
				-6.759999999999998
			],
			"to": [
				20.299999999999997,
				-1.8399999999999999,
				-5.939999999999998
			],
			"faces": {
				"north": {"uv": [0, 0, 1, 2], "texture": "#153"},
				"east": {"uv": [0, 0, 1, 2], "texture": "#153"},
				"south": {"uv": [0, 0, 1, 2], "texture": "#153"},
				"west": {"uv": [0, 0, 1, 2], "texture": "#153"},
				"up": {
					"uv": [0, 0, 1, 2],
					"texture": "#153",
					"rotation": 180
				},
				"down": {
					"uv": [0, 0, 1, 2],
					"texture": "#153",
					"rotation": 180
				}
			},
			"type": "cube"
		},
		{
			"name": "cube",
			"from": [
				19.479999999999997,
				-3.479999999999997,
				-4.299999999999997
			],
			"to": [
				20.299999999999997,
				-1.8399999999999999,
				-3.479999999999997
			],
			"faces": {
				"north": {"uv": [0, 0, 1, 2], "texture": "#153"},
				"east": {"uv": [0, 0, 1, 2], "texture": "#153"},
				"south": {"uv": [0, 0, 1, 2], "texture": "#153"},
				"west": {"uv": [0, 0, 1, 2], "texture": "#153"},
				"up": {
					"uv": [0, 0, 1, 2],
					"texture": "#153",
					"rotation": 180
				},
				"down": {
					"uv": [0, 0, 1, 2],
					"texture": "#153",
					"rotation": 180
				}
			},
			"type": "cube"
		},
		{
			"name": "cube",
			"from": [
				-4.299999999999997,
				-3.479999999999997,
				-4.299999999999997
			],
			"to": [
				-3.479999999999997,
				-1.8399999999999999,
				-3.479999999999997
			],
			"faces": {
				"north": {"uv": [0, 0, 1, 2], "texture": "#153"},
				"east": {"uv": [0, 0, 1, 2], "texture": "#153"},
				"south": {"uv": [0, 0, 1, 2], "texture": "#153"},
				"west": {"uv": [0, 0, 1, 2], "texture": "#153"},
				"up": {
					"uv": [0, 0, 1, 2],
					"texture": "#153",
					"rotation": 180
				},
				"down": {
					"uv": [0, 0, 1, 2],
					"texture": "#153",
					"rotation": 180
				}
			},
			"type": "cube"
		},
		{
			"name": "cube",
			"from": [
				-4.299999999999997,
				-3.479999999999997,
				-5.939999999999998
			],
			"to": [
				-3.479999999999997,
				-1.8399999999999999,
				-4.299999999999997
			],
			"faces": {
				"north": {"uv": [0, 0, 2, 2], "texture": "#142"},
				"east": {"uv": [0, 0, 2, 2], "texture": "#142"},
				"south": {"uv": [0, 0, 2, 2], "texture": "#142"},
				"west": {"uv": [0, 0, 2, 2], "texture": "#142"},
				"up": {
					"uv": [0, 0, 2, 2],
					"texture": "#142",
					"rotation": 180
				},
				"down": {
					"uv": [0, 0, 2, 2],
					"texture": "#142",
					"rotation": 180
				}
			},
			"type": "cube"
		},
		{
			"name": "cube",
			"from": [
				-4.299999999999997,
				-3.479999999999997,
				-6.759999999999998
			],
			"to": [
				-3.479999999999997,
				-1.8399999999999999,
				-5.939999999999998
			],
			"faces": {
				"north": {"uv": [0, 0, 1, 2], "texture": "#153"},
				"east": {"uv": [0, 0, 1, 2], "texture": "#153"},
				"south": {"uv": [0, 0, 1, 2], "texture": "#153"},
				"west": {"uv": [0, 0, 1, 2], "texture": "#153"},
				"up": {
					"uv": [0, 0, 1, 2],
					"texture": "#153",
					"rotation": 180
				},
				"down": {
					"uv": [0, 0, 1, 2],
					"texture": "#153",
					"rotation": 180
				}
			},
			"type": "cube"
		},
		{
			"name": "cube",
			"from": [
				-4.299999999999997,
				-3.479999999999997,
				-10.86
			],
			"to": [
				-3.479999999999997,
				-1.8399999999999999,
				-9.219999999999999
			],
			"faces": {
				"north": {"uv": [0, 0, 2, 2], "texture": "#142"},
				"east": {"uv": [0, 0, 2, 2], "texture": "#142"},
				"south": {"uv": [0, 0, 2, 2], "texture": "#142"},
				"west": {"uv": [0, 0, 2, 2], "texture": "#142"},
				"up": {
					"uv": [0, 0, 2, 2],
					"texture": "#142",
					"rotation": 180
				},
				"down": {
					"uv": [0, 0, 2, 2],
					"texture": "#142",
					"rotation": 180
				}
			},
			"type": "cube"
		},
		{
			"name": "cube",
			"from": [
				-4.299999999999997,
				-3.479999999999997,
				-11.68
			],
			"to": [
				-3.479999999999997,
				-1.8399999999999999,
				-10.86
			],
			"faces": {
				"north": {"uv": [0, 0, 1, 2], "texture": "#153"},
				"east": {"uv": [0, 0, 1, 2], "texture": "#153"},
				"south": {"uv": [0, 0, 1, 2], "texture": "#153"},
				"west": {"uv": [0, 0, 1, 2], "texture": "#153"},
				"up": {
					"uv": [0, 0, 1, 2],
					"texture": "#153",
					"rotation": 180
				},
				"down": {
					"uv": [0, 0, 1, 2],
					"texture": "#153",
					"rotation": 180
				}
			},
			"type": "cube"
		},
		{
			"name": "cube",
			"from": [
				-4.299999999999997,
				-3.479999999999997,
				-9.219999999999999
			],
			"to": [
				-3.479999999999997,
				-1.8399999999999999,
				-8.399999999999999
			],
			"faces": {
				"north": {"uv": [0, 0, 1, 2], "texture": "#153"},
				"east": {"uv": [0, 0, 1, 2], "texture": "#153"},
				"south": {"uv": [0, 0, 1, 2], "texture": "#153"},
				"west": {"uv": [0, 0, 1, 2], "texture": "#153"},
				"up": {
					"uv": [0, 0, 1, 2],
					"texture": "#153",
					"rotation": 180
				},
				"down": {
					"uv": [0, 0, 1, 2],
					"texture": "#153",
					"rotation": 180
				}
			},
			"type": "cube"
		},
		{
			"name": "cube",
			"from": [
				-4.299999999999997,
				-1.8399999999999999,
				-10.86
			],
			"to": [
				-3.479999999999997,
				-1.0199999999999996,
				-9.219999999999999
			],
			"faces": {
				"north": {"uv": [0, 0, 2, 1], "texture": "#153"},
				"east": {"uv": [0, 0, 2, 1], "texture": "#153"},
				"south": {"uv": [0, 0, 2, 1], "texture": "#153"},
				"west": {"uv": [0, 0, 2, 1], "texture": "#153"},
				"up": {
					"uv": [0, 0, 2, 1],
					"texture": "#153",
					"rotation": 180
				},
				"down": {
					"uv": [0, 0, 2, 1],
					"texture": "#153",
					"rotation": 180
				}
			},
			"type": "cube"
		},
		{
			"name": "cube",
			"from": [
				-4.299999999999997,
				-4.299999999999997,
				-10.86
			],
			"to": [
				-3.479999999999997,
				-3.479999999999997,
				-9.219999999999999
			],
			"faces": {
				"north": {"uv": [0, 0, 1, 1], "texture": "#153"},
				"east": {"uv": [0, 0, 2, 1], "texture": "#153"},
				"south": {"uv": [0, 0, 1, 1], "texture": "#153"},
				"west": {"uv": [0, 0, 2, 1], "texture": "#153"},
				"up": {
					"uv": [0, 0, 1, 2],
					"texture": "#153",
					"rotation": 180
				},
				"down": {
					"uv": [0, 0, 1, 2],
					"texture": "#153",
					"rotation": 180
				}
			},
			"type": "cube"
		},
		{
			"name": "cube",
			"from": [
				-4.299999999999997,
				-4.299999999999997,
				-5.939999999999998
			],
			"to": [
				-3.479999999999997,
				-3.479999999999997,
				-4.299999999999997
			],
			"faces": {
				"north": {"uv": [0, 0, 2, 1], "texture": "#153"},
				"east": {"uv": [0, 0, 2, 1], "texture": "#153"},
				"south": {"uv": [0, 0, 2, 1], "texture": "#153"},
				"west": {"uv": [0, 0, 2, 1], "texture": "#153"},
				"up": {
					"uv": [0, 0, 2, 1],
					"texture": "#153",
					"rotation": 180
				},
				"down": {
					"uv": [0, 0, 2, 1],
					"texture": "#153",
					"rotation": 180
				}
			},
			"type": "cube"
		},
		{
			"name": "cube",
			"from": [
				-4.299999999999997,
				-1.8399999999999999,
				-5.939999999999998
			],
			"to": [
				-3.479999999999997,
				-1.0199999999999996,
				-4.299999999999997
			],
			"faces": {
				"north": {"uv": [0, 0, 2, 1], "texture": "#153"},
				"east": {"uv": [0, 0, 2, 1], "texture": "#153"},
				"south": {"uv": [0, 0, 2, 1], "texture": "#153"},
				"west": {"uv": [0, 0, 2, 1], "texture": "#153"},
				"up": {
					"uv": [0, 0, 2, 1],
					"texture": "#153",
					"rotation": 180
				},
				"down": {
					"uv": [0, 0, 2, 1],
					"texture": "#153",
					"rotation": 180
				}
			},
			"type": "cube"
		},
		{
			"name": "cube",
			"from": [6.359999999999999, -2.66, -11.68],
			"to": [
				9.64,
				-0.1999999999999993,
				-8.399999999999999
			],
			"faces": {
				"north": {"uv": [0, 0, 4, 3], "texture": "#140"},
				"east": {"uv": [0, 0, 4, 3], "texture": "#140"},
				"south": {"uv": [0, 0, 4, 3], "texture": "#140"},
				"west": {"uv": [0, 0, 4, 3], "texture": "#140"},
				"up": {
					"uv": [0, 0, 4, 3],
					"texture": "#140",
					"rotation": 180
				},
				"down": {
					"uv": [0, 0, 4, 3],
					"texture": "#140",
					"rotation": 180
				}
			},
			"type": "cube"
		},
		{
			"name": "cube",
			"from": [
				13.739999999999998,
				1.4400000000000013,
				13.739999999999998
			],
			"to": [
				14.559999999999999,
				2.2600000000000016,
				14.559999999999999
			],
			"faces": {
				"north": {
					"uv": [0, 0, 1, 1],
					"texture": "#missing"
				},
				"east": {"uv": [0, 0, 1, 1], "texture": "#missing"},
				"south": {
					"uv": [0, 0, 1, 1],
					"texture": "#missing"
				},
				"west": {"uv": [0, 0, 1, 1], "texture": "#missing"},
				"up": {
					"uv": [0, 0, 1, 1],
					"texture": "#missing",
					"rotation": 180
				},
				"down": {
					"uv": [0, 0, 1, 1],
					"texture": "#missing",
					"rotation": 180
				}
			},
			"type": "cube"
		}
	],
	"display": {
		"thirdperson_righthand": {"scale": [2.5, 2.5, 2.5]},
		"head": {"scale": [2.05, 2.05, 2.05]}
	}
}